{"Mods":[{"Author":"MaestroMetty","Name":"CorinnaSummon","Folder":"CorinnaSummon","Version":"37013961584934912","Description":"This mod implements a special ring, with golden acorn leaves on it, that gives you the ability to summon Corinna the Squirrel to help in the journey. New spells and VFX, cast them using your Squirrel Spell Points and crush your enemies.","UUID":"8b27b15b-a354-4674-b2b7-756e64e8fe84","Created":"2025-01-04T21:27:04.6382721-05:00","Dependencies":[],"Group":"988a4c4e-3d40-4296-a8b4-4062fd8eaf78"}],"MD5":"631176c5f4b93750681bf2c52efa422e"}